{
  "project": "UFRF-LoCuSS-Projection-v1",
  "splits": [
    {
      "id": "LOTO_WL",
      "S_avg": -0.05053689349293586,
      "preds": [
        {
          "cluster": "CL001",
          "y_hat": 0.13963859712367427,
          "y_obs": 0.2638835171816861,
          "resid": 0.12424492005801185
        },
        {
          "cluster": "CL002",
          "y_hat": 0.13963859712367427,
          "y_obs": 0.2617850815491406,
          "resid": 0.12214648442546633
        },
        {
          "cluster": "CL003",
          "y_hat": 0.13963859712367427,
          "y_obs": 0.25274189382365997,
          "resid": 0.1131032966999857
        },
        {
          "cluster": "CL004",
          "y_hat": 0.13963859712367427,
          "y_obs": 0.26791908246269713,
          "resid": 0.12828048533902286
        },
        {
          "cluster": "CL005",
          "y_hat": 0.13963859712367427,
          "y_obs": 0.3135753267448008,
          "resid": 0.17393672962112655
        },
        {
          "cluster": "CL006",
          "y_hat": 0.13963859712367427,
          "y_obs": 0.24839597204377184,
          "resid": 0.10875737492009757
        },
        {
          "cluster": "CL007",
          "y_hat": 0.13963859712367427,
          "y_obs": 0.26331893149871066,
          "resid": 0.1236803343750364
        },
        {
          "cluster": "CL008",
          "y_hat": 0.13963859712367427,
          "y_obs": 0.26203603209664783,
          "resid": 0.12239743497297356
        },
        {
          "cluster": "CL009",
          "y_hat": 0.13963859712367427,
          "y_obs": 0.294325161907835,
          "resid": 0.1546865647841607
        },
        {
          "cluster": "CL010",
          "y_hat": 0.13963859712367427,
          "y_obs": 0.28993840670717885,
          "resid": 0.15029980958350458
        },
        {
          "cluster": "CL011",
          "y_hat": 0.13963859712367427,
          "y_obs": 0.29367951762587585,
          "resid": 0.15404092050220158
        },
        {
          "cluster": "CL012",
          "y_hat": 0.13963859712367427,
          "y_obs": 0.24027228034262815,
          "resid": 0.10063368321895388
        },
        {
          "cluster": "CL013",
          "y_hat": 0.13963859712367427,
          "y_obs": 0.2582746101213039,
          "resid": 0.11863601299762966
        },
        {
          "cluster": "CL014",
          "y_hat": 0.13963859712367427,
          "y_obs": 0.2559172314795338,
          "resid": 0.11627863435585956
        },
        {
          "cluster": "CL015",
          "y_hat": 0.13963859712367427,
          "y_obs": 0.30803848818964763,
          "resid": 0.16839989106597336
        },
        {
          "cluster": "CL016",
          "y_hat": 0.13963859712367427,
          "y_obs": 0.26475623570304885,
          "resid": 0.12511763857937458
        },
        {
          "cluster": "CL017",
          "y_hat": 0.13963859712367427,
          "y_obs": 0.33647203306318896,
          "resid": 0.1968334359395147
        },
        {
          "cluster": "CL018",
          "y_hat": 0.13963859712367427,
          "y_obs": 0.27630576661620354,
          "resid": 0.13666716949252927
        },
        {
          "cluster": "CL019",
          "y_hat": 0.13963859712367427,
          "y_obs": 0.2783471040047688,
          "resid": 0.13870850688109454
        },
        {
          "cluster": "CL020",
          "y_hat": 0.13963859712367427,
          "y_obs": 0.24222058223206933,
          "resid": 0.10258198510839506
        },
        {
          "cluster": "CL021",
          "y_hat": 0.13963859712367427,
          "y_obs": 0.2766208291199086,
          "resid": 0.13698223199623433
        },
        {
          "cluster": "CL022",
          "y_hat": 0.13963859712367427,
          "y_obs": 0.2958228113150062,
          "resid": 0.15618421419133194
        },
        {
          "cluster": "CL023",
          "y_hat": 0.13963859712367427,
          "y_obs": 0.29932410945439547,
          "resid": 0.1596855123307212
        },
        {
          "cluster": "CL024",
          "y_hat": 0.13963859712367427,
          "y_obs": 0.27177381437446435,
          "resid": 0.13213521725079008
        },
        {
          "cluster": "CL025",
          "y_hat": 0.13963859712367427,
          "y_obs": 0.26497901841395055,
          "resid": 0.12534042129027628
        }
      ]
    },
    {
      "id": "LOTO_HSE",
      "S_avg": -0.0490717863195604,
      "preds": [
        {
          "cluster": "CL001",
          "y_hat": -0.1355903563992107,
          "y_obs": -0.2638835171816861,
          "resid": -0.12829316078247543
        },
        {
          "cluster": "CL002",
          "y_hat": -0.1355903563992107,
          "y_obs": -0.2617850815491406,
          "resid": -0.1261947251499299
        },
        {
          "cluster": "CL003",
          "y_hat": -0.1355903563992107,
          "y_obs": -0.25274189382365997,
          "resid": -0.11715153742444928
        },
        {
          "cluster": "CL004",
          "y_hat": -0.1355903563992107,
          "y_obs": -0.26791908246269713,
          "resid": -0.13232872606348645
        },
        {
          "cluster": "CL005",
          "y_hat": -0.1355903563992107,
          "y_obs": -0.3135753267448008,
          "resid": -0.17798497034559013
        },
        {
          "cluster": "CL006",
          "y_hat": -0.1355903563992107,
          "y_obs": -0.24839597204377184,
          "resid": -0.11280561564456115
        },
        {
          "cluster": "CL007",
          "y_hat": -0.1355903563992107,
          "y_obs": -0.26331893149871066,
          "resid": -0.12772857509949997
        },
        {
          "cluster": "CL008",
          "y_hat": -0.1355903563992107,
          "y_obs": -0.26203603209664783,
          "resid": -0.12644567569743714
        },
        {
          "cluster": "CL009",
          "y_hat": -0.1355903563992107,
          "y_obs": -0.294325161907835,
          "resid": -0.1587348055086243
        },
        {
          "cluster": "CL010",
          "y_hat": -0.1355903563992107,
          "y_obs": -0.28993840670717885,
          "resid": -0.15434805030796817
        },
        {
          "cluster": "CL011",
          "y_hat": -0.1355903563992107,
          "y_obs": -0.29367951762587585,
          "resid": -0.15808916122666516
        },
        {
          "cluster": "CL012",
          "y_hat": -0.1355903563992107,
          "y_obs": -0.24027228034262815,
          "resid": -0.10468192394341747
        },
        {
          "cluster": "CL013",
          "y_hat": -0.1355903563992107,
          "y_obs": -0.2582746101213039,
          "resid": -0.12268425372209324
        },
        {
          "cluster": "CL014",
          "y_hat": -0.1355903563992107,
          "y_obs": -0.2559172314795338,
          "resid": -0.12032687508032314
        },
        {
          "cluster": "CL015",
          "y_hat": -0.1355903563992107,
          "y_obs": -0.30803848818964763,
          "resid": -0.17244813179043694
        },
        {
          "cluster": "CL016",
          "y_hat": -0.1355903563992107,
          "y_obs": -0.26475623570304885,
          "resid": -0.12916587930383816
        },
        {
          "cluster": "CL017",
          "y_hat": -0.1355903563992107,
          "y_obs": -0.33647203306318896,
          "resid": -0.20088167666397827
        },
        {
          "cluster": "CL018",
          "y_hat": -0.1355903563992107,
          "y_obs": -0.27630576661620354,
          "resid": -0.14071541021699285
        },
        {
          "cluster": "CL019",
          "y_hat": -0.1355903563992107,
          "y_obs": -0.2783471040047688,
          "resid": -0.14275674760555812
        },
        {
          "cluster": "CL020",
          "y_hat": -0.1355903563992107,
          "y_obs": -0.24222058223206933,
          "resid": -0.10663022583285864
        },
        {
          "cluster": "CL021",
          "y_hat": -0.1355903563992107,
          "y_obs": -0.2766208291199086,
          "resid": -0.1410304727206979
        },
        {
          "cluster": "CL022",
          "y_hat": -0.1355903563992107,
          "y_obs": -0.2958228113150062,
          "resid": -0.16023245491579552
        },
        {
          "cluster": "CL023",
          "y_hat": -0.1355903563992107,
          "y_obs": -0.29932410945439547,
          "resid": -0.16373375305518478
        },
        {
          "cluster": "CL024",
          "y_hat": -0.1355903563992107,
          "y_obs": -0.27177381437446435,
          "resid": -0.13618345797525366
        },
        {
          "cluster": "CL025",
          "y_hat": -0.1355903563992107,
          "y_obs": -0.26497901841395055,
          "resid": -0.12938866201473986
        }
      ]
    },
    {
      "id": "LOTO_SZ",
      "S_avg": -0.04980433990624812,
      "preds": [
        {
          "cluster": "CL001",
          "y_hat": -0.06880723838072124,
          "y_obs": -0.09261417334690081,
          "resid": -0.02380693496617957
        },
        {
          "cluster": "CL002",
          "y_hat": -0.06880723838072124,
          "y_obs": -0.13049251813715002,
          "resid": -0.061685279756428776
        },
        {
          "cluster": "CL003",
          "y_hat": -0.06880723838072124,
          "y_obs": -0.13175774167553944,
          "resid": -0.0629505032948182
        },
        {
          "cluster": "CL004",
          "y_hat": -0.06880723838072124,
          "y_obs": -0.1622259313868425,
          "resid": -0.09341869300612125
        },
        {
          "cluster": "CL005",
          "y_hat": -0.06880723838072124,
          "y_obs": -0.14199303926848672,
          "resid": -0.07318580088776548
        },
        {
          "cluster": "CL006",
          "y_hat": -0.06880723838072124,
          "y_obs": -0.1540809163325415,
          "resid": -0.08527367795182027
        },
        {
          "cluster": "CL007",
          "y_hat": -0.06880723838072124,
          "y_obs": -0.17606863041424048,
          "resid": -0.10726139203351924
        },
        {
          "cluster": "CL008",
          "y_hat": -0.06880723838072124,
          "y_obs": -0.1321773985455169,
          "resid": -0.06337016016479567
        },
        {
          "cluster": "CL009",
          "y_hat": -0.06880723838072124,
          "y_obs": -0.12761245392469356,
          "resid": -0.05880521554397232
        },
        {
          "cluster": "CL010",
          "y_hat": -0.06880723838072124,
          "y_obs": -0.1595334317625019,
          "resid": -0.09072619338178066
        },
        {
          "cluster": "CL011",
          "y_hat": -0.06880723838072124,
          "y_obs": -0.10639518228000122,
          "resid": -0.03758794389927998
        },
        {
          "cluster": "CL012",
          "y_hat": -0.06880723838072124,
          "y_obs": -0.0914266264524457,
          "resid": -0.022619388071724464
        },
        {
          "cluster": "CL013",
          "y_hat": -0.06880723838072124,
          "y_obs": -0.13548625375286127,
          "resid": -0.06667901537214004
        },
        {
          "cluster": "CL014",
          "y_hat": -0.06880723838072124,
          "y_obs": -0.15755668339606788,
          "resid": -0.08874944501534664
        },
        {
          "cluster": "CL015",
          "y_hat": -0.06880723838072124,
          "y_obs": -0.180229059113158,
          "resid": -0.11142182073243677
        },
        {
          "cluster": "CL016",
          "y_hat": -0.06880723838072124,
          "y_obs": -0.13322960202239753,
          "resid": -0.06442236364167629
        },
        {
          "cluster": "CL017",
          "y_hat": -0.06880723838072124,
          "y_obs": -0.18330114966279487,
          "resid": -0.11449391128207363
        },
        {
          "cluster": "CL018",
          "y_hat": -0.06880723838072124,
          "y_obs": -0.13760918625230134,
          "resid": -0.0688019478715801
        },
        {
          "cluster": "CL019",
          "y_hat": -0.06880723838072124,
          "y_obs": -0.14576705845726945,
          "resid": -0.07695982007654821
        },
        {
          "cluster": "CL020",
          "y_hat": -0.06880723838072124,
          "y_obs": -0.08870408630069337,
          "resid": -0.019896847919972135
        },
        {
          "cluster": "CL021",
          "y_hat": -0.06880723838072124,
          "y_obs": -0.13362307934584305,
          "resid": -0.06481584096512182
        },
        {
          "cluster": "CL022",
          "y_hat": -0.06880723838072124,
          "y_obs": -0.1016401501141262,
          "resid": -0.032832911733404954
        },
        {
          "cluster": "CL023",
          "y_hat": -0.06880723838072124,
          "y_obs": -0.14099166809999508,
          "resid": -0.07218442971927384
        },
        {
          "cluster": "CL024",
          "y_hat": -0.06880723838072124,
          "y_obs": -0.12210668349574583,
          "resid": -0.05329944511502459
        },
        {
          "cluster": "CL025",
          "y_hat": -0.06880723838072124,
          "y_obs": -0.12313620644015266,
          "resid": -0.05432896805943142
        }
      ]
    },
    {
      "id": "PAIRWISE_WL_HSE",
      "S_hat": -0.09960867981249624,
      "preds": [
        {
          "cluster": "CL001",
          "pair": [
            "WL_OPT",
            "SZ_MM"
          ],
          "y_hat": 0.13761447676144248,
          "y_obs": 0.09261417334690081,
          "resid": -0.04500030341454167
        },
        {
          "cluster": "CL002",
          "pair": [
            "WL_OPT",
            "SZ_MM"
          ],
          "y_hat": 0.13761447676144248,
          "y_obs": 0.13049251813715002,
          "resid": -0.007121958624292463
        },
        {
          "cluster": "CL003",
          "pair": [
            "WL_OPT",
            "SZ_MM"
          ],
          "y_hat": 0.13761447676144248,
          "y_obs": 0.13175774167553944,
          "resid": -0.0058567350859030365
        },
        {
          "cluster": "CL004",
          "pair": [
            "WL_OPT",
            "SZ_MM"
          ],
          "y_hat": 0.13761447676144248,
          "y_obs": 0.1622259313868425,
          "resid": 0.024611454625400014
        },
        {
          "cluster": "CL005",
          "pair": [
            "WL_OPT",
            "SZ_MM"
          ],
          "y_hat": 0.13761447676144248,
          "y_obs": 0.14199303926848672,
          "resid": 0.0043785625070442424
        },
        {
          "cluster": "CL006",
          "pair": [
            "WL_OPT",
            "SZ_MM"
          ],
          "y_hat": 0.13761447676144248,
          "y_obs": 0.1540809163325415,
          "resid": 0.01646643957109903
        },
        {
          "cluster": "CL007",
          "pair": [
            "WL_OPT",
            "SZ_MM"
          ],
          "y_hat": 0.13761447676144248,
          "y_obs": 0.17606863041424048,
          "resid": 0.038454153652798
        },
        {
          "cluster": "CL008",
          "pair": [
            "WL_OPT",
            "SZ_MM"
          ],
          "y_hat": 0.13761447676144248,
          "y_obs": 0.1321773985455169,
          "resid": -0.005437078215925567
        },
        {
          "cluster": "CL009",
          "pair": [
            "WL_OPT",
            "SZ_MM"
          ],
          "y_hat": 0.13761447676144248,
          "y_obs": 0.12761245392469356,
          "resid": -0.01000202283674892
        },
        {
          "cluster": "CL010",
          "pair": [
            "WL_OPT",
            "SZ_MM"
          ],
          "y_hat": 0.13761447676144248,
          "y_obs": 0.1595334317625019,
          "resid": 0.02191895500105942
        },
        {
          "cluster": "CL011",
          "pair": [
            "WL_OPT",
            "SZ_MM"
          ],
          "y_hat": 0.13761447676144248,
          "y_obs": 0.10639518228000122,
          "resid": -0.031219294481441257
        },
        {
          "cluster": "CL012",
          "pair": [
            "WL_OPT",
            "SZ_MM"
          ],
          "y_hat": 0.13761447676144248,
          "y_obs": 0.0914266264524457,
          "resid": -0.046187850308996775
        },
        {
          "cluster": "CL013",
          "pair": [
            "WL_OPT",
            "SZ_MM"
          ],
          "y_hat": 0.13761447676144248,
          "y_obs": 0.13548625375286127,
          "resid": -0.0021282230085812037
        },
        {
          "cluster": "CL014",
          "pair": [
            "WL_OPT",
            "SZ_MM"
          ],
          "y_hat": 0.13761447676144248,
          "y_obs": 0.15755668339606788,
          "resid": 0.019942206634625398
        },
        {
          "cluster": "CL015",
          "pair": [
            "WL_OPT",
            "SZ_MM"
          ],
          "y_hat": 0.13761447676144248,
          "y_obs": 0.180229059113158,
          "resid": 0.04261458235171553
        },
        {
          "cluster": "CL016",
          "pair": [
            "WL_OPT",
            "SZ_MM"
          ],
          "y_hat": 0.13761447676144248,
          "y_obs": 0.13322960202239753,
          "resid": -0.004384874739044947
        },
        {
          "cluster": "CL017",
          "pair": [
            "WL_OPT",
            "SZ_MM"
          ],
          "y_hat": 0.13761447676144248,
          "y_obs": 0.18330114966279487,
          "resid": 0.04568667290135239
        },
        {
          "cluster": "CL018",
          "pair": [
            "WL_OPT",
            "SZ_MM"
          ],
          "y_hat": 0.13761447676144248,
          "y_obs": 0.13760918625230134,
          "resid": -5.290509141137045e-06
        },
        {
          "cluster": "CL019",
          "pair": [
            "WL_OPT",
            "SZ_MM"
          ],
          "y_hat": 0.13761447676144248,
          "y_obs": 0.14576705845726945,
          "resid": 0.008152581695826971
        },
        {
          "cluster": "CL020",
          "pair": [
            "WL_OPT",
            "SZ_MM"
          ],
          "y_hat": 0.13761447676144248,
          "y_obs": 0.08870408630069337,
          "resid": -0.048910390460749104
        },
        {
          "cluster": "CL021",
          "pair": [
            "WL_OPT",
            "SZ_MM"
          ],
          "y_hat": 0.13761447676144248,
          "y_obs": 0.13362307934584305,
          "resid": -0.003991397415599424
        },
        {
          "cluster": "CL022",
          "pair": [
            "WL_OPT",
            "SZ_MM"
          ],
          "y_hat": 0.13761447676144248,
          "y_obs": 0.1016401501141262,
          "resid": -0.035974326647316285
        },
        {
          "cluster": "CL023",
          "pair": [
            "WL_OPT",
            "SZ_MM"
          ],
          "y_hat": 0.13761447676144248,
          "y_obs": 0.14099166809999508,
          "resid": 0.0033771913385526042
        },
        {
          "cluster": "CL024",
          "pair": [
            "WL_OPT",
            "SZ_MM"
          ],
          "y_hat": 0.13761447676144248,
          "y_obs": 0.12210668349574583,
          "resid": -0.015507793265696651
        },
        {
          "cluster": "CL025",
          "pair": [
            "WL_OPT",
            "SZ_MM"
          ],
          "y_hat": 0.13761447676144248,
          "y_obs": 0.12313620644015266,
          "resid": -0.014478270321289816
        },
        {
          "cluster": "CL001",
          "pair": [
            "HSE_XR",
            "SZ_MM"
          ],
          "y_hat": -0.13761447676144242,
          "y_obs": -0.17126934383478531,
          "resid": -0.03365486707334289
        },
        {
          "cluster": "CL002",
          "pair": [
            "HSE_XR",
            "SZ_MM"
          ],
          "y_hat": -0.13761447676144242,
          "y_obs": -0.13129256341199058,
          "resid": 0.006321913349451841
        },
        {
          "cluster": "CL003",
          "pair": [
            "HSE_XR",
            "SZ_MM"
          ],
          "y_hat": -0.13761447676144242,
          "y_obs": -0.12098415214812053,
          "resid": 0.016630324613321895
        },
        {
          "cluster": "CL004",
          "pair": [
            "HSE_XR",
            "SZ_MM"
          ],
          "y_hat": -0.13761447676144242,
          "y_obs": -0.10569315107585464,
          "resid": 0.03192132568558778
        },
        {
          "cluster": "CL005",
          "pair": [
            "HSE_XR",
            "SZ_MM"
          ],
          "y_hat": -0.13761447676144242,
          "y_obs": -0.1715822874763141,
          "resid": -0.03396781071487168
        },
        {
          "cluster": "CL006",
          "pair": [
            "HSE_XR",
            "SZ_MM"
          ],
          "y_hat": -0.13761447676144242,
          "y_obs": -0.09431505571123033,
          "resid": 0.04329942105021209
        },
        {
          "cluster": "CL007",
          "pair": [
            "HSE_XR",
            "SZ_MM"
          ],
          "y_hat": -0.13761447676144242,
          "y_obs": -0.08725030108447018,
          "resid": 0.05036417567697224
        },
        {
          "cluster": "CL008",
          "pair": [
            "HSE_XR",
            "SZ_MM"
          ],
          "y_hat": -0.13761447676144242,
          "y_obs": -0.12985863355113092,
          "resid": 0.007755843210311503
        },
        {
          "cluster": "CL009",
          "pair": [
            "HSE_XR",
            "SZ_MM"
          ],
          "y_hat": -0.13761447676144242,
          "y_obs": -0.16671270798314142,
          "resid": -0.029098231221698995
        },
        {
          "cluster": "CL010",
          "pair": [
            "HSE_XR",
            "SZ_MM"
          ],
          "y_hat": -0.13761447676144242,
          "y_obs": -0.13040497494467695,
          "resid": 0.007209501816765468
        },
        {
          "cluster": "CL011",
          "pair": [
            "HSE_XR",
            "SZ_MM"
          ],
          "y_hat": -0.13761447676144242,
          "y_obs": -0.18728433534587463,
          "resid": -0.04966985858443221
        },
        {
          "cluster": "CL012",
          "pair": [
            "HSE_XR",
            "SZ_MM"
          ],
          "y_hat": -0.13761447676144242,
          "y_obs": -0.14884565389018245,
          "resid": -0.011231177128740027
        },
        {
          "cluster": "CL013",
          "pair": [
            "HSE_XR",
            "SZ_MM"
          ],
          "y_hat": -0.13761447676144242,
          "y_obs": -0.12278835636844265,
          "resid": 0.01482612039299977
        },
        {
          "cluster": "CL014",
          "pair": [
            "HSE_XR",
            "SZ_MM"
          ],
          "y_hat": -0.13761447676144242,
          "y_obs": -0.09836054808346595,
          "resid": 0.039253928677976474
        },
        {
          "cluster": "CL015",
          "pair": [
            "HSE_XR",
            "SZ_MM"
          ],
          "y_hat": -0.13761447676144242,
          "y_obs": -0.12780942907648962,
          "resid": 0.0098050476849528
        },
        {
          "cluster": "CL016",
          "pair": [
            "HSE_XR",
            "SZ_MM"
          ],
          "y_hat": -0.13761447676144242,
          "y_obs": -0.13152663368065132,
          "resid": 0.0060878430807911055
        },
        {
          "cluster": "CL017",
          "pair": [
            "HSE_XR",
            "SZ_MM"
          ],
          "y_hat": -0.13761447676144242,
          "y_obs": -0.1531708834003941,
          "resid": -0.015556406638951664
        },
        {
          "cluster": "CL018",
          "pair": [
            "HSE_XR",
            "SZ_MM"
          ],
          "y_hat": -0.13761447676144242,
          "y_obs": -0.1386965803639022,
          "resid": -0.0010821036024597774
        },
        {
          "cluster": "CL019",
          "pair": [
            "HSE_XR",
            "SZ_MM"
          ],
          "y_hat": -0.13761447676144242,
          "y_obs": -0.13258004554749936,
          "resid": 0.005034431213943064
        },
        {
          "cluster": "CL020",
          "pair": [
            "HSE_XR",
            "SZ_MM"
          ],
          "y_hat": -0.13761447676144242,
          "y_obs": -0.15351649593137595,
          "resid": -0.01590201916993353
        },
        {
          "cluster": "CL021",
          "pair": [
            "HSE_XR",
            "SZ_MM"
          ],
          "y_hat": -0.13761447676144242,
          "y_obs": -0.14299774977406554,
          "resid": -0.005383273012623119
        },
        {
          "cluster": "CL022",
          "pair": [
            "HSE_XR",
            "SZ_MM"
          ],
          "y_hat": -0.13761447676144242,
          "y_obs": -0.19418266120088,
          "resid": -0.05656818443943759
        },
        {
          "cluster": "CL023",
          "pair": [
            "HSE_XR",
            "SZ_MM"
          ],
          "y_hat": -0.13761447676144242,
          "y_obs": -0.1583324413544004,
          "resid": -0.020717964592957966
        },
        {
          "cluster": "CL024",
          "pair": [
            "HSE_XR",
            "SZ_MM"
          ],
          "y_hat": -0.13761447676144242,
          "y_obs": -0.14966713087871852,
          "resid": -0.012052654117276101
        },
        {
          "cluster": "CL025",
          "pair": [
            "HSE_XR",
            "SZ_MM"
          ],
          "y_hat": -0.13761447676144242,
          "y_obs": -0.1418428119737979,
          "resid": -0.004228335212355466
        }
      ]
    }
  ]
}